Marca temporal,Tipo de registro,Procedimiento o proceso en el que se le atendió,Servicios referidos (Detalle),"Detalles de la queja, sugerencia o felicitación",Departamento que lo atendió,Instancia,,,,,
10/23/2023 9:06:40,Felicitación,Préstamo de Equipo Informático,Préstamo de equipo,Funcionan bien las computadoras solo falta que la red este un poco mejor.,,,,,,,
11/30/2023 12:49:38,Felicitación,Préstamo de Equipo Informático,Buen computo,Felicidades ,,,,,,,
12/19/2023 10:46:15,Queja,Auditoría Interna,Pretamos de computadoras,Las computadoras están muy lentas y ni siquiera están conectadas a un Internet estable.,,,,,,,
1/16/2024 12:17:52,Sugerencia,Reinscripción,.,.,,,,,,,
1/16/2024 12:49:40,Felicitación,Préstamo de Equipo Informático,Préstamo de equipo ,El laboratorio esta en excelentes condiciones ,,,,,,,
1/16/2024 12:59:14,Sugerencia,Préstamo de Equipo Informático,Computadora ,Que no sean tan apáticos ,,,,,,,
1/16/2024 13:28:34,Felicitación,Gestión del Diseño Curricular de Programas Académicos,Préstamo de equipo ,Buen servicio 🐕‍🦺,,,,,,,
1/16/2024 13:29:57,Felicitación,Servicio Social,Préstamo de equipo ,Ta bien ,,,,,,,
1/16/2024 13:58:47,Felicitación,Préstamo de Equipo Informático,Préstamo de equipo computacional ,Buen servicio,,,,,,,
1/16/2024 13:59:09,Felicitación,Tutorías,Tareas,Todo exelente ,,,,,,,
1/16/2024 14:02:05,Sugerencia,Préstamo de Equipo Informático,Laboratorio uso libre,Las computadoras van lentas,,,,,,,
1/16/2024 14:25:32,Felicitación,Servicio Social,Ok,Felicidades ,,,,,,,
1/16/2024 14:30:18,Sugerencia,Préstamo de Equipo Informático,Préstamo de equipo , Que casi ningún equipo se puede prender ,,,,,,,
1/16/2024 14:32:02,Sugerencia,Préstamo de Equipo Informático,Préstamo del aula 1103,Tener más contactos de luz para poder conectar en caso de traer lap,,,,,,,
1/16/2024 14:32:02,Felicitación,Préstamo de Equipo Informático,Uso de pc,Se agradece el uso de azure,,,,,,,
1/16/2024 14:51:44,Sugerencia,Préstamo de Equipo Informático,Equipo de cómputo ,Agregar lector de disco ,,,,,,,
1/16/2024 18:14:35,Felicitación,Préstamo de Equipo Informático,Prestamo,No,,,,,,,
1/16/2024 18:15:26,Felicitación,Control de Información Documentada,Udi,Todo bien ,,,,,,,
1/16/2024 18:17:25,Felicitación,Préstamo de Equipo Informático,Udi ,Todo bien,,,,,,,
1/17/2024 14:36:24,Sugerencia,Préstamo de Equipo Informático,Prestamo de equipo ,Verificar que el disco duro siempre está al 100%,,,,,,,
1/17/2024 14:36:44,Felicitación,Préstamo de Equipo Informático,Presta de equipo informático,Servicio eficiente ,,,,,,,
1/17/2024 14:36:51,Felicitación,Préstamo de Equipo Informático,presta de equipo informático ,Me agradaron las computadora ,,,,,,,
1/18/2024 14:55:50,Queja,Préstamo de Equipo Informático,Laboratorio de uso libre,No hay quemador de discos y se requiere para grabar la información en los discos que solicita la CATT para TT2,,,,,,,
2/22/2024 14:51:11,Felicitación,Préstamo de Equipo Informático,Prestación de computadora,La máquina no tenía internet,,,,,,,
2/22/2024 14:53:56,Sugerencia,Préstamo de Equipo Informático,Préstamo de equipo informático,Simplemente que en el futuro puedan haber más máquinas con conexión de Internet. ,,,,,,,
3/8/2024 15:02:56,Sugerencia,Préstamo de Equipo Informático,Préstamo de equipo ,Que en el futuro haya más ordenadores con conexión de Internet ,,,,,,,
3/13/2024 13:39:09,Sugerencia,Préstamo de Equipo Informático,Prestamo,.,,,,,,,
3/13/2024 14:44:15,Sugerencia,Préstamo de Equipo Informático,Préstamo de computadora,Que quizá en el futuro puedan haber más máquinas con conexión de Internet. Quizá también que se vigile que no vuelvan a robar equipo de cómputo. ,,,,,,,
3/14/2024 14:47:43,Sugerencia,Gestión del Diseño Curricular de Programas Académicos,Laboratorio ,Algunas no tienen internet,,,,,,,
3/20/2024 13:03:44,Queja,Trámite de Documentos de Gestión Escolar,"Inscripcion, solicitud de informacion","La mayoría del personal, no todos, pareciera que te hacen un favor cuando solicitas informacion ya sea en ventanilla o por vía telefonica. En mas de una ocasion se han limitado a decirme que la informacion se encuentra en la pagina, sin embargo, a veces he encontrado url a formularios vencidos o con informacion de semestres anteriores.",,,,,,,
4/3/2024 9:01:10,Sugerencia,Gestión de la Encuesta del Desempeño Docente,Profesor,"Buen día me gustaría saber dónde puedo comunicarme con ustedes para poder postularme en ser catedrático soy experto en el área de análisis y vizualizadores de datos por más de 5 años dentro del mundo corporativo en las más importantes empresas de retrail como dando cursos nacional como internacional y busco mucho seguir compartiendo mi conocimientos
Quedó atento a su respuesta
Saludos ",,,,,,,
4/17/2024 10:14:07,Sugerencia,Control y Ejercicio de Recursos Excedentes,Revision,Queja,,,,,,,
4/17/2024 12:03:50,Sugerencia,Gestión del Diseño Curricular de Programas Académicos,Computadora ,Ninguna ,,,,,,,
4/17/2024 13:02:10,Felicitación,Mantenimiento de la Infraestructura Física,Cómputo ,Felicitaciones,,,,,,,
4/17/2024 14:59:39,Felicitación,Préstamo de Equipo Informático,Laboratorio,Todo bien,,,,,,,
4/19/2024 16:12:20,Sugerencia,Mantenimiento de la Infraestructura Física,Laboratorio libre ,Pongan internet a las demás computadoras ,,,,,,,
4/22/2024 14:51:33,Felicitación,Gestión del Diseño Curricular de Programas Académicos,A,"A
A",,,,,,,
4/23/2024 16:48:54,Sugerencia,Préstamo de Equipo Informático,Computadoras ,Ojalá todas tuvieran internet y no tuviéramos que esperar hasta que se desocupen ,,,,,,,
4/24/2024 11:24:56,Queja,Gestión del Diseño Curricular de Programas Académicos,Préstamo computadoras,Felicitacion,,,,,,,
4/24/2024 11:25:32,Felicitación,Gestión del Diseño Curricular de Programas Académicos,F,Todo excelente ,,,,,,,
4/24/2024 14:28:09,Sugerencia,Prácticas Académicas de Laboratorios y Talleres,Especificaciones ,Los,,,,,,,
4/24/2024 14:28:44,Sugerencia,Gestión del Diseño de Programas de Estudio,N,H,,,,,,,
4/24/2024 14:47:19,Sugerencia,Préstamo de Equipo Informático,Préstamo de computadora,Que en el futuro en lo más posible pueda aumentar el número de computadoras con conexión de Internet. ,,,,,,,
4/25/2024 11:32:51,Queja,Préstamo de Equipo Informático,Salas de cómputo ,En la mayoría de computadoras no hay Internet ,,,,,,,
4/25/2024 14:57:01,Sugerencia,Gestión del Diseño de Programas de Estudio,Jdsj,Hhj,,,,,,,
4/25/2024 18:07:43,Sugerencia,Gestión del Diseño Curricular de Programas Académicos,U,"D
",,,,,,,
4/26/2024 15:35:14,Sugerencia,Préstamo de Equipo Informático,Computadora para tarea,"Le hace falta internet a las compus, así como alguno que otro programa necesario ",,,,,,,
4/30/2024 10:42:08,Queja,Préstamo de Equipo Informático,Una máquina ,No todas las máquinas tienen internet ,,,,,,,
4/30/2024 11:53:53,Queja,Préstamo de Equipo Informático,Préstamo laboratorio libre ,Nº había Internet en las maquinas ,,,,,,,
4/30/2024 11:54:13,Felicitación,Préstamo de Equipo Informático,Equipo de computación ,Buena atención ,,,,,,,
4/30/2024 16:24:59,Sugerencia,Mantenimiento de la Infraestructura Física,Lab. Libre,Pongan internet a las ptras máquinas,,,,,,,
5/2/2024 17:58:38,Felicitación,Gestión del Diseño Curricular de Programas Académicos,H,"I
J
",,,,,,,
5/6/2024 18:14:03,Felicitación,Control de Información Documentada,Si,Ninguna,,,,,,,
5/7/2024 10:10:09,Felicitación,Gestión del Diseño Curricular de Programas Académicos,Compu,Felicidades ,,,,,,,
5/7/2024 10:10:21,Felicitación,Gestión del Diseño Curricular de Programas Académicos,Computación ,Dan un buen servicio ,,,,,,,
5/9/2024 15:47:48,Queja,Préstamo de Equipo Informático,Computadora ,No hay internet ,,,,,,,
5/9/2024 15:48:36,Sugerencia,Adjudicación Directa de Materiales y/o Servicios,Computadora ,No tenían internet ,,,,,,,
5/13/2024 10:40:48,Queja,Gestión para las Prácticas y/o Visitas Escolares,Lab de uso libre,No hay internet ,,,,,,,
5/16/2024 9:56:24,Sugerencia,Préstamo de Equipo Informático,Computadora,La atención fue buena,,,,,,,
5/16/2024 11:44:01,Sugerencia,Gestión de la Acreditación de Programas Académicos,N,L,,,,,,,
5/16/2024 11:58:17,Felicitación,Control de Información Documentada,.,.,,,,,,,
5/16/2024 11:58:32,Sugerencia,Control de Información Documentada,Uso de laboratorio,No hay internet en todas las máquinas ,,,,,,,
5/16/2024 13:41:05,Sugerencia,Gestión del Diseño Curricular de Programas Académicos,Uso de computadora.,El internet en las computadoras.,,,,,,,
5/16/2024 14:20:15,Sugerencia,Préstamo de Equipo Informático,Préstamos de computadoras ,Falta internet en las compus ,,,,,,,
5/20/2024 10:18:25,Sugerencia,Préstamo de Equipo Informático,Préstamo de equipo de computo,Algunas computadoras no tienen internet o no prenden ,,,,,,,
5/20/2024 13:10:56,Felicitación,Préstamo de Equipo Informático,Udi,Buena atención,,,,,,,
5/20/2024 13:11:59,Felicitación,Préstamo de Equipo Informático,UDI,todo bien,,,,,,,
5/21/2024 14:52:13,Sugerencia,Prácticas Académicas de Laboratorios y Talleres,Laboratorio ,Ninguno,,,,,,,
5/24/2024 16:07:59,Felicitación,Mantenimiento de la Infraestructura Física,Laboratorios,Felicitacion,,,,,,,
5/27/2024 12:00:32,Felicitación,Préstamo de Equipo Informático,no,Felicitacion. Muy limpio,,,,,,,
5/30/2024 15:07:05,Felicitación,Préstamo de Equipo Informático,Sala de uso general,Use una computadora con internet,,,,,,,
6/3/2024 15:12:54,Sugerencia,Préstamo de Equipo Informático,Préstamo de computadoras,Atención buena,,,,,,,
6/3/2024 15:31:35,Felicitación,Préstamo de Equipo Informático,Uso de laboratorio para el Club de Algoritmia,Ninguna queja en absoluto. Todo fue fluido.,,,,,,,
6/4/2024 13:08:35,Queja,Préstamo de Equipo Informático,Empresa de equipo informativo,Ya es cansado hacer todo esto,,,,,,,
6/4/2024 16:01:30,Sugerencia,Gestión del Diseño de Programas de Estudio,..,..,,,,,,,
6/10/2024 10:28:48,Felicitación,Gestión del Diseño Curricular de Programas Académicos,Tarea,Ninguna,,,,,,,
6/11/2024 13:37:52,Queja,Prácticas Académicas de Laboratorios y Talleres,Tgj,Hb,,,,,,,
6/12/2024 13:18:39,Felicitación,Auditoría Interna,Equipo ,Felicitación ,,,,,,,
6/12/2024 14:25:07,Felicitación,Préstamo de Equipo Informático,Prestamo,Buen servicio ,,,,,,,
6/13/2024 17:24:11,Sugerencia,Préstamo de Equipo Informático,Equipo de cómputo ,Mejor gestión en los cables de internet y su repartición ,,,,,,,
6/13/2024 17:24:20,Sugerencia,Préstamo de Equipo Informático,Equipo de conmputo ,Mejor gestión de internet ya que algunos equipos no cuentan con el mismo,,,,,,,
6/14/2024 17:04:25,Felicitación,Prácticas Académicas de Laboratorios y Talleres,Uso de laboratorio ,Buena atención ,,,,,,,
6/14/2024 17:48:07,Sugerencia,Actualización y Capacitación Docentes,K,L,,,,,,,
6/14/2024 17:48:26,Sugerencia,Actualización y Capacitación Docentes,laboratorio ,no había internet ,,,,,,,
6/14/2024 18:28:36,Felicitación,Control de Información Documentada,Documentación ,Felicitación ,,,,,,,
6/18/2024 12:30:21,Felicitación,Préstamo de Equipo Informático,Laboratorio de usos múltiples ,Muy buena compu 👌 ,,,,,,,
6/18/2024 18:10:12,Felicitación,Préstamo de Equipo Informático,Préstamo de equipo ,.,,,,,,,
6/18/2024 18:22:38,Felicitación,Gestión del Diseño de Programas de Estudio,Servicio de préstamo de equipo informático,Deberían de conectar todas las computadoras a internet ,,,,,,,
6/18/2024 18:23:50,Sugerencia,Gestión de la Movilidad Académica,Para qué la encuesta?,Mas internet en las compus,,,,,,,
6/19/2024 10:03:13,Felicitación,Gestión del Diseño Curricular de Programas Académicos,Tarea,Ninguna ,,,,,,,
6/19/2024 10:21:46,Felicitación,Préstamo de Equipo Informático,Laboratorio de cómputo,Felicitación,,,,,,,
6/19/2024 10:22:34,Felicitación,Préstamo de Equipo Informático,Computadora ,Todo bien ,,,,,,,
6/19/2024 10:22:36,Felicitación,Préstamo de Equipo Informático,Computadora,Felicidades,,,,,,,
6/19/2024 12:19:55,Felicitación,Tutorías,Préstamo de computadora ,Equipo excelente ,,,,,,,
6/24/2024 9:45:21,Felicitación,Préstamo de Equipo Informático,prestamo de computadora ,buena atencion,,,,,,,
6/25/2024 16:19:20,Queja,Gestión del Diseño de Programas de Estudio,Hahahha,Mala internet nefasto ,Subdirección Académica,,,,,,
6/25/2024 16:19:38,Felicitación,Gestión del Diseño Curricular de Programas Académicos,Uso de equipo de cómputo,"Felicidades, al final arreglaron las compis sin internet ",Departamento de Servicios Estudiantiles,,,,,,
6/25/2024 17:19:53,Felicitación,Concurso de Exámenes de Oposición de Cátedra,Lab,Ok,Unidad de Informática,,,,,,
6/26/2024 10:04:26,Queja,Préstamo de Equipo Informático,Préstamo de computadora ,No tenía Internet la computadora ,Unidad de Informática,,,,,,
6/26/2024 18:32:18,Sugerencia,Control y Ejercicio de Recursos Excedentes,Computo,Todo bien ,Departamento de Ciencias e Ingeniería de la Computación,,,,,,
6/27/2024 14:17:46,Felicitación,Gestión de la Evaluación Curricular de Programas Académicos,Laboratorio de uso libre,Me gusto,Unidad de Informática,,,,,,
6/27/2024 14:18:24,Sugerencia,Planeación Institucional,UDI,Las computadoras no tenían internet pero no fue buen servicio ,Unidad de Informática,,,,,,
7/1/2024 14:17:10,Felicitación,Gestión del Diseño de Programas de Estudio,Cómputo ,El internet es un poco malo ,Departamento de Ingeniería en Sistemas Computacionales,,,,,,
7/1/2024 16:36:41,Felicitación,Préstamo de Equipo Informático,Pc,Buen servicio ,Unidad de Informática,,,,,,
7/3/2024 16:31:55,Sugerencia,Préstamo de Equipo Informático,Computadora ,Fijarse en el internet y la distribución de cables ethernet ,Unidad de Informática,,,,,,
7/3/2024 16:32:18,Felicitación,Préstamo de Equipo Informático,Uso de computadoras ,Buen servicio ,Unidad de Informática,,,,,,
7/3/2024 18:14:14,Queja,Registro y Control de Bienes Muebles del Activo Fijo,H,Atención lenta,Departamento de Ciencias e Ingeniería de la Computación,,,,,,
8/26/2024 16:30:51,Sugerencia,Préstamo de Equipo Informático,Computadoras ,Mejor internet ,Unidad de Informática,Unidad de Informática,,,,,
8/26/2024 16:31:00,Sugerencia,Préstamo de Equipo Informático,Computadora,No hay internet en algunas máquinas ,Unidad de Informática,Unidad de Informática,,,,,
8/27/2024 14:49:18,Felicitación,Préstamo de Equipo Informático,Prestar computadora ,Me gustó los equipos ,Unidad de Informática,Unidad de Informática,,,,,
8/27/2024 18:07:19,Queja,Préstamo de Equipo Informático,Laboratorio,El chico siempre pide llenar la encuesta y me quita tiempo.,Unidad de Informática,Unidad de Informática,,,,,
8/27/2024 18:07:29,Felicitación,Uso de laboratorio ,Consulta de información en medios digitales,"Ninguna, todo bien ",Unidad de Informática,Unidad de Informática,,,,,
9/3/2024 13:30:45,Queja,Inscripción,Baja y alta de materias ,La persona que estaba en ventanilla el dia 3 de septiembre a las 1:20 contesto de manera prepotente y despota sobre la información de un tramite,Departamento de Servicios Estudiantiles,Gestión escolar,,,,,
9/4/2024 11:50:48,Felicitación,Seguimiento a Egresados,Computo ,Ninguna ,Unidad de Informática,Departamento de Extensión y Apoyos Educativos,,,,,
9/6/2024 13:05:57,Queja,Préstamo de Equipo Informático,Préstamo de computadoras ,Las computadoras no tienen internet y se tarda en buscar una con internet ,Unidad de Informática,Unidad de Informática,,,,,
9/9/2024 7:54:45,Sugerencia,Préstamo de Equipo Informático,Préstamo de una computadora para un trabajo escolar.,No había internet en las máquinas.,Unidad de Informática,Unidad de Informática,,,,,
9/9/2024 7:55:08,Felicitación,Préstamo de Equipo Informático,Préstamo de equipo de cómputo ,Atención buena ,Unidad de Informática,Unidad de Informática,,,,,
9/9/2024 9:59:27,Felicitación,Préstamo de Equipo Informático,Préstamo de computadora ,felicitación ,Unidad de Informática,Unidad de Informática,,,,,
9/9/2024 10:21:19,Felicitación,Prácticas Académicas de Laboratorios y Talleres,Realizacion de trabajos en pc,Son muy amables y atentos ,Unidad de Informática,Unidad de Informática,,,,,
9/10/2024 10:53:18,Sugerencia,Préstamo de Equipo Informático,Laboratorio de uso común de computadoras,Tener cables de red ethernet disponibles para laptops,Unidad de Informática,Unidad de Informática,,,,,
9/10/2024 11:58:10,Felicitación,Prácticas Académicas de Laboratorios y Talleres,Uso de aula libre,Todo bien,,Unidad de Informática,,,,,
9/10/2024 14:46:39,Felicitación,Gestión del Diseño Curricular de Programas Académicos,Compyto,Bien,Innovación Educativa,Unidad de Informática,,,,,
9/10/2024 14:58:06,Felicitación,Gestión para las Prácticas y/o Visitas Escolares,Prestamo,Buen servicio ,Depto. de Evaluación y Seguimiento Académico,Depto. de Evaluación y Seguimiento Académico,,,,,
9/10/2024 16:15:59,Felicitación,Préstamo de Equipo Informático,Entrada a laboratorio,Funciona bien,Unidad de Informática,Unidad de Informática,,,,,
9/11/2024 11:31:36,Felicitación,Gestión del Diseño Curricular de Programas Académicos,Tarea ,Eficiencia,Departamento de Formación Básica,Unidad de Informática,,,,,
9/11/2024 12:55:18,Sugerencia,Planeación Institucional,Todo bien,No,Coordinación de Enlace y Gestión Técnica,Coordinación de Enlace y Gestión Técnica,,,,,
9/12/2024 14:08:05,Sugerencia,Gestión del Diseño Curricular de Programas Académicos,Internet ,Internet ,Unidad de Informática,Unidad de Informática,,,,,
9/13/2024 11:51:18,Felicitación,Prestar ,Préstamo de equipo ,De momento nada,Unidad de Informática,Unidad de Informática,,,,,
9/13/2024 11:52:09,Queja,Préstamo de Equipo Informático,COMPUTADORA,NO HABÍA INTERNET ,Departamento de Ciencias e Ingeniería de la Computación,Unidad de Informática,,,,,
9/13/2024 11:52:32,Queja,Préstamo de Equipo Informático,computadoras ,no había internet en las computadoras ,Unidad de Informática,Unidad de Informática,,,,,
9/13/2024 13:40:41,Queja,Actividades Culturales y/o Deportivas,Auditorio de ESCOM ,"Me explicaron que al pedir el auditorio de ESCOM, se tenía que pedir grupo a la subdirección académica. Siempre dicen que andan ocupados y cuando dices que no hay problema, que esperas, te miran mal. Ya cuando ven que te esperas te ven con una cara de asco y ya te hacen pasar y te atienden de mala gana. Te hablan altaneramente y te ningunean. Ni siquiera dejan explicar bien la situación porque te están regañando como si fuera tu culpa ir allí. Encima denigran tu espacio en el auditorio como si lo que fueras hacer no vale nada como incitándote a cancelarla.",Subdirección Académica,Departamento de Extensión y Apoyos Educativos,,,,,
9/17/2024 14:42:34,Felicitación,Préstamo de Equipo Informático,Permiso para usar equipo de laboratorio ,Ninguno,Unidad de Informática,Unidad de Informática,,,,,
9/18/2024 14:32:36,Sugerencia,Préstamo de Equipo Informático,préstamo de equipo ,Internet no funciona ,Unidad de Informática,Unidad de Informática,,,,,
9/19/2024 14:32:47,Felicitación,Préstamo de Equipo Informático,equipo informático,Perfecto ,Unidad de Informática,Unidad de Informática,,,,,
9/19/2024 15:06:25,Queja,Préstamo de Equipo Informático,Usar compu,No tiene internet ,Dirección,Unidad de Informática,,,,,
9/19/2024 15:58:13,Sugerencia,Prácticas Académicas de Laboratorios y Talleres,Prestamos de la sala libre ,No hay internet en algunas máquinas ,Unidad de Informática,Unidad de Informática,,,,,
9/24/2024 11:53:14,Queja,Gestión del Diseño Curricular de Programas Académicos,Lab,Malas computadoras ,Unidad de Informática,Unidad de Informática,,,,,
9/26/2024 12:46:11,Felicitación,Gestión del Diseño Curricular de Programas Académicos,Préstamo de equipo,:),Unidad de Informática,Unidad de Informática,,,,,
9/27/2024 10:14:01,Felicitación,Préstamo de Equipo Informático,Préstamo de comoutadora,Todo buen,Unidad de Informática,Unidad de Informática,,,,,
9/30/2024 9:54:54,Sugerencia,Uso de equipos ,Salón de computo ,Las máquinas están algo lentas ,Unidad de Informática,Unidad de Informática,,,,,
9/30/2024 9:55:38,Sugerencia,Control de Información Documentada,Ninguno,Ninguno,Unidad de Informática,,,,,,
9/30/2024 9:56:06,Felicitación,Préstamo de Equipo Informático,Prestamo de Computadora,El equipo funciono bien,Unidad de Informática,Unidad de Informática,,,,,
10/7/2024 9:51:31,Felicitación,Préstamo de Equipo Informático,Prestamo de equipo ,Muy amables,Unidad de Informática,Unidad de Informática,,,,,
10/7/2024 10:06:48,Felicitación,Préstamo de Equipo Informático,Prestamo de equipo ,Muy amables ,Unidad de Informática,Unidad de Informática,,,,,
10/7/2024 10:07:55,Felicitación,Préstamo de Equipo Informático,Prestamo de PC,Todo bien,Unidad de Informática,Unidad de Informática,,,,,
10/7/2024 16:02:32,Sugerencia,Préstamo de Equipo Informático,Uso de sala de uso libre,Me solicitaron llenar el formulario,Departamento de Servicios Estudiantiles,Unidad de Informática,,,,,
10/8/2024 12:03:30,Felicitación,Gestión de la Evaluación Curricular de Programas Académicos,Computadora ,Bueno,Unidad de Informática,Unidad de Informática,,,,,
10/9/2024 15:11:25,Felicitación,Préstamo de Equipo Informático,Prestamos de equipo de Computación para realizar prácticas escolares ,"Buen equipo de cómputo, buena atención académica ",Unidad de Informática,Unidad de Informática,,,,,
10/10/2024 10:45:34,Felicitación,Gestión del Diseño Curricular de Programas Académicos,Ninguno,Ninguna ,Unidad de Informática,Innovación Educativa,,,,,
10/22/2024 15:03:23,Felicitación,Tutorías,.,..,Departamento de Innovación Educativa,Depto. de Evaluación y Seguimiento Académico,,,,,
11/11/2024 11:58:57,Felicitación,Préstamo de Equipo Informático,De cómputo ,Muy bien equipo ,Unidad de Informática,Unidad de Informática,,,,,
11/11/2024 11:59:19,Felicitación,Préstamo de Equipo Informático,Préstamo de computadora,Buen servicio ,Unidad de Informática,Unidad de Informática,,,,,
11/13/2024 10:09:55,Felicitación,Gestión para las Prácticas y/o Visitas Escolares,ninguno,Buen trabajo,Unidad de Informática,Depto. de Evaluación y Seguimiento Académico,,,,,
11/13/2024 10:10:20,Sugerencia,Préstamo de Equipo Informático,Prestación de equipo ,Sugiero poder conectar el Ethernet a nuestro equipo para poder hacer uso del internet y del monitor,Unidad de Informática,Unidad de Informática,,,,,
11/19/2024 10:31:22,Felicitación,Gestión del Diseño de Programas de Estudio,Ninguna ,Ninguna ,Subdirección Académica,Unidad de Informática,,,,,
11/19/2024 14:55:28,Felicitación,Gestión de la Evaluación Curricular de Programas Académicos,Ninguna ,Ninguna ,Unidad de Informática,Unidad de Informática,,,,,
11/20/2024 13:33:38,Felicitación,Concurso de Exámenes de Oposición de Cátedra,.,.,Departamento de Ciencias e Ingeniería de la Computación,Subdirección Académica,,,,,
11/20/2024 14:24:59,Queja,Préstamo de Equipo Informático,Préstamo de equipo de laboratorio libre ,"Las máquinas no se pueden usar para hacer tareas en horas libres, no dejan programas ni tienen ningún programa o IDE para poder hacer prácticas ",Unidad de Informática,Unidad de Informática,,,,,
11/25/2024 17:53:12,Felicitación,Laboratorio,Préstamo de máquina.,Bueno,Departamento de Ciencias e Ingeniería de la Computación,Unidad de Informática,,,,,
12/18/2024 12:10:13,Felicitación,Tutorías,Udi,No ,Unidad de Informática,Depto. de Evaluación y Seguimiento Académico,,,,,
12/18/2024 12:10:29,Felicitación,Auditoría Interna,Computadora ,Muy buen servicio ,Subdirección de Servicios Educativos e Integración Social,Coordinación de Enlace y Gestión Técnica,,,,,
12/18/2024 15:35:21,Felicitación,Compu,Compu,Todo bien ,Unidad de Informática,Unidad de Informática,,,,,
1/8/2025 14:04:54,Felicitación,Gestión del Diseño Curricular de Programas Académicos,Bie n,Ninguna,Unidad de Informática,Innovación Educativa,,,,,
1/29/2025 15:20:37,Queja,Reinscripción,Solicitud de información para Reinscripcion,"Acudí a ventanilla de servicios escolares a resolver una duda acerca de mi proceso de reinscripción. Sin embargo, la persona que me atendió se encontraba revisando su celular, mientras me atendía de malas seguía utilizando su celular.
No considero apropiada esta conducta, pues ni siquiera parecía interesarle lo que le comentaba. ",Subdirección de Servicios Educativos e Integración Social,Gestión escolar,,,,,
1/29/2025 15:43:01,Sugerencia,Préstamo de Equipo Informático,me prestaron una máquina ,muy buena la máquina pero un poco lentos los teclados ya que se les atoraban las teclas ,Unidad de Informática,Unidad de Informática,,,,,
1/29/2025 15:43:26,Felicitación,Préstamo de Equipo Informático,mejorar velocidad de internet ,"todo bien, mejorar velocidad de internet ",Unidad de Informática,Unidad de Informática,,,,,
2/12/2025 9:48:11,Felicitación,Control de Información Documentada,Prestamo,Ninguna ,Unidad de Informática,Coordinación de Enlace y Gestión Técnica,,,,,
2/12/2025 13:19:44,Felicitación,Uso de computadora ,Uso de computadora,Gracias por prestar el servicio,Unidad de Informática,Unidad de Informática,,,,,
2/13/2025 10:11:36,Queja,Una duda sobre una situación ,Una duda ,Simplemente necesitaba una respuesta que no duraría ni 5 minutos y obviamente si hay un horario pero no costaba nada y si se hace un trámite obviamente es en horario,Departamento de Gestión Escolar,Gestión escolar,,,,,
2/17/2025 9:58:27,Felicitación,"Gestión, Control y Ejercicio del Presupuesto Federal",Compus,Ninguna ,Unidad de Informática,Departamento de Recursos Financieros,,,,,
2/19/2025 11:58:13,Felicitación,Tiempo Libre,Uso de la máquina de computación ,Todo bien por el momento ,Departamento de Gestión Escolar,Unidad de Informática,,,,,
2/19/2025 13:27:00,Felicitación,Uso de PC,Prestacion de PC,Atención atenta,Unidad de Informática,Unidad de Informática,,,,,
2/19/2025 13:36:18,Felicitación,Servicios Bibliotecarios,Prestación de servicios informaticos,"Buen servicio, 10/10",Unidad de Informática,Depto. de servicios Estudiantiles,,,,,
2/19/2025 13:40:25,Sugerencia,Tutorías,Préstamo de equipo,Buen trato ,Unidad de Informática,Depto. de Evaluación y Seguimiento Académico,,,,,
2/20/2025 12:17:06,Sugerencia,Préstamo de Equipo Informático,Equipo informático ,El internet intermitente no me permitió hacer mi trabajo,Unidad de Informática,Unidad de Informática,,,,,
2/21/2025 9:11:25,Felicitación,Trámite de Documentos de Gestión Escolar,Laboratorio tiempo libre,Felicitación por la gestión de los equipos. El semestre pasado se encontraban descuidado y con máximo privilegios. Hoy ya se encuentran en mejor estado y cosas como la deshabilitación de CMD se felicita.,Unidad de Informática,Unidad de Informática,,,,,
2/21/2025 10:53:36,Sugerencia,Préstamo de Equipo Informático,Laboratorio libre,Se necesita mejorar el internet ,Unidad de Tecnología Educativa y Campus Virtual,Unidad de Informática,,,,,
2/26/2025 10:15:07,Sugerencia,Préstamo de Equipo Informático,préstamo de cómputo ,muy bien servicio ,Unidad de Informática,Unidad de Informática,,,,,
2/26/2025 12:11:48,Felicitación,Préstamo de Equipo Informático,Préstamo de equipo de computo,Felicitacion,Unidad de Informática,Unidad de Informática,,,,,
2/26/2025 12:18:47,Sugerencia,Préstamo de Equipo Informático,Me prestaron una computadora ,Todo bien ,Unidad de Informática,Unidad de Informática,,,,,
2/27/2025 12:02:00,Felicitación,Préstamo de Equipo Informático,Préstamo de equipo de cómputo ,Felicidades,Unidad de Informática,Unidad de Informática,,,,,
2/27/2025 12:02:11,Felicitación,Préstamo de Equipo Informático,PRÉSTAMO DE COMPUTADORA,BIEN CUIDADAS:),Unidad de Informática,Unidad de Informática,,,,,
2/27/2025 12:02:11,Felicitación,Préstamo de Equipo Informático,Prestamo de equipo en aula de uso libre,Buen servicio ,Unidad de Informática,Unidad de Informática,,,,,
2/27/2025 13:27:28,Felicitación,Servicios Bibliotecarios,Prestacion de PC,Buen servicio,Departamento de Ciencias e Ingeniería de la Computación,Depto. de Servicios Estudiantiles,,,,,
3/3/2025 13:23:45,Felicitación,Préstamo de Equipo Informático,RENTA DE MÁQUINA,Buenas compus,Departamento de Servicios Estudiantiles,Unidad de Informática,,,,,
3/3/2025 15:59:47,Felicitación,Utilización de equipo,Utilizar una máquina para hacer tarea,Buen servicio,Unidad de Informática,Unidad de Informática,,,,,
3/4/2025 11:39:41,Felicitación,Servicio Social,Ninguno ,Ninguno ,Unidad de Informática,Unidad de Informática,,,,,
3/4/2025 11:40:47,Felicitación,Préstamo de Equipo Informático,Uso de una equipo de cómputo para poder modificar un documento ,"Ninguna queja, buena atención y el equipo en un inicio mostraba complicaciones con Word pero después funcionó correctamente ",Unidad de Informática,Unidad de Informática,,,,,
3/4/2025 14:10:49,Felicitación,Préstamo de Equipo Informático,Uso de equipo de cómputo de uso libre,Facilidad de uso,Unidad de Informática,Unidad de Informática,,,,,
3/4/2025 14:27:59,Felicitación,Salón de uso libre,Maquina prestada,Buen función,Unidad de Informática,Unidad de Informática,,,,,
3/4/2025 18:10:59,Felicitación,Préstamo de Equipo Informático,Préstamo computadora,Todo bien,Unidad de Informática,Unidad de Informática,,,,,
3/4/2025 18:19:34,Felicitación,Tarea,Préstamo de equipo de cómputo ,Ninguno,Unidad de Informática,Unidad de Informática,,,,,
3/5/2025 11:48:14,Sugerencia,Préstamo de Equipo Informático,Prestamo de maquina,El mousse de la máquina 2 presenta problemas en el click izquierdo,Unidad de Informática,Unidad de Informática,,,,,
3/5/2025 11:58:06,Felicitación,Gestión del Diseño Curricular de Programas Académicos,Perfecto ,Ninguna ,Dirección,Unidad de Informática,,,,,
3/5/2025 13:29:11,Sugerencia,Tutorías,Prestamo,Todo bien,Unidad de Informática,Depto. de Evaluación y Seguimiento Académico,,,,,
3/5/2025 13:38:20,Felicitación,Actualización y Capacitación Docentes,No se,Nada ,Unidad Politécnica de Integración Social,Innovación Educativa,,,,,
3/6/2025 8:22:44,Felicitación,Uso de computo ,La computadora ,Muy amable ,Unidad de Informática,Unidad de Informática,,,,,
3/6/2025 12:04:51,Sugerencia,Gestión del Diseño de Programas de Estudio,Nada ,Nada ,Subdirección de Servicios Educativos e Integración Social,,,,,,
3/6/2025 14:57:22,Sugerencia,Concurso de Exámenes de Oposición de Cátedra,Na,Na,Unidad de Informática,,,,,,
3/7/2025 16:16:33,Queja,No se me ha atendido. ,Biblioteca ,"Hoy, 7 de marzo, pusieron un aviso de que la biblioteca estaría cerrada de 2pm a 4pm. Ya son las 4:15 y aún no han abierto. Quiero revisar un asunto de urgencia del SAES. ",,Depto. de Servicios Estudiantiles,,,,,
3/10/2025 11:49:18,Felicitación,Gestión del Diseño Curricular de Programas Académicos,Uso de computadora,Ninguna ,Unidad de Informática,Unidad de Informática,,,,,
3/10/2025 11:55:31,Sugerencia,Préstamo de Equipo Informático,Uso de computadora de laboratorio ,La máquina dos le falla el click izquierdo al mouse lo cual complica un poco su uso,Unidad de Informática,Unidad de Informática,,,,,
3/10/2025 12:14:46,Felicitación,Préstamo de Equipo Informático,Préstamo de computo,Excelente ,Departamento de Recursos Materiales y Servicios,Unidad de Informática,,,,,
3/11/2025 9:16:32,Queja,Préstamo de Equipo Informático,Préstamo máquina 32,"No tiene internet, posiblemente el cable esté trozado ya que cambie el de la 31 a la 32 y agarro el internet ",Departamento de Recursos Materiales y Servicios,Unidad de Informática,,,,,
3/11/2025 9:16:50,Sugerencia,Préstamo de Equipo Informático,Prestamo maquina 31,Estaría bien poner Linux y Windows en todas las compus,Departamento de Recursos Materiales y Servicios,Unidad de Informática,,,,,
3/11/2025 15:57:55,Sugerencia,Préstamo de Equipo Informático,Prestamo de equipo de computo,"El servicio se llevo correctamente
Como unico problema mencionaria que las aplicaciones de adobe e internet explorer se quedaron congeladas y fui capaz de cerrarlas Al estar bloqueado El administrador de tareas",Unidad de Tecnología Educativa y Campus Virtual,Unidad de Informática,,,,,
3/12/2025 12:01:45,Felicitación,Gestión del Diseño Curricular de Programas Académicos,Ninguno ,Ninguna ,Dirección,Innovación Educativa,,,,,
3/12/2025 13:32:20,Felicitación,Inscripción,Uso de equipo ,Felicitación por el uso del equipo ,Departamento de Ciencias e Ingeniería de la Computación,Unidad de Informática,,,,,
3/13/2025 11:46:52,Felicitación,Préstamo de Equipo Informático,Computadora ,Bien,Unidad de Informática,Unidad de Informática,,,,,
3/14/2025 10:14:11,Felicitación,Préstamo de Equipo Informático,Prestamo,Todo bn,Unidad de Informática,Unidad de Informática,,,,,
3/14/2025 11:42:12,Felicitación,Préstamo de Equipo Informático,Préstamo tiempo libre,Buenos equipos de cómputo ,Unidad de Informática,Unidad de Informática,,,,,
3/14/2025 13:56:28,Felicitación,Préstamo de Equipo Informático,Préstamo de equipo de computo,Todo muy bien,Unidad de Informática,Unidad de Informática,,,,,
3/14/2025 15:02:11,Felicitación,Uso de laboratorios ,Presto de laboratorio ,"Muy bien equipo, internet y cuenta con los programas que necesito",Unidad de Informática,Unidad de Informática,,,,,
3/18/2025 11:48:51,Felicitación,Préstamo de Equipo Informático,Prestamo,Todo bn,Unidad de Informática,Unidad de Informática,,,,,
3/18/2025 11:53:15,Sugerencia,Préstamo de Equipo Informático,Computadora,No tienen Ubuntu.,Unidad de Informática,Unidad de Informática,,,,,
3/19/2025 11:43:02,Felicitación,Préstamo de Equipo Informático,Una computadora ,Muy buen servicio ,Unidad de Informática,Unidad de Informática,,,,,
3/19/2025 11:43:17,Felicitación,Préstamo de Equipo Informático,Una computadora ,Felicitación por mantener los equipos en buen estado,Unidad de Informática,Unidad de Informática,,,,,
3/19/2025 11:58:28,Felicitación,Gestión del Diseño Curricular de Programas Académicos,Ninguno,Ninguna ,Dirección,Unidad de Informática,,,,,
3/20/2025 13:31:03,Felicitación,Préstamo de Equipo Informático,Computadora ,Felicitaciones ,Unidad de Informática,Unidad de Informática,,,,,
3/20/2025 13:31:40,Felicitación,Gestión para las Prácticas y/o Visitas Escolares,.,.,,Depto. de Evaluación y Seguimiento Académico,,,,,
3/20/2025 15:21:48,Felicitación,Gestión del Diseño Curricular de Programas Académicos,Prestacion de equipo,Ninguna,Dirección,Unidad de Informática,,,,,
3/21/2025 14:54:13,Felicitación,Préstamo de Equipo Informático,Compus,Felicitacion,Departamento de Ciencias e Ingeniería de la Computación,Unidad de Informática,,,,,
3/27/2025 9:15:38,Felicitación,Préstamo de Equipo Informático,Ninguno ,Ninguno ,Unidad de Informática,Unidad de Informática,,,,,
3/28/2025 14:47:26,Felicitación,Uso lab,Prestamo de laboratorio ,Préstamo lab,Unidad de Informática,Unidad de Informática,,,,,
3/28/2025 14:48:20,Sugerencia,Laboratorio ,Laboratorio ,Ninguna,Unidad de Informática,Unidad de Informática,,,,,
4/2/2025 12:02:52,Felicitación,Gestión del Diseño Curricular de Programas Académicos,Ys,Jw,Dirección,,,,,,
4/4/2025 11:59:07,Felicitación,Gestión del Diseño Curricular de Programas Académicos,Yeye,6363,Subdirección de Servicios Educativos e Integración Social,,,,,,
4/4/2025 12:11:59,Felicitación,Gestión del Diseño Curricular de Programas Académicos,Laboratoire heoa libre,Todo bien,Dirección,,,,,,
4/7/2025 13:41:27,Felicitación,Préstamo de Equipo Informático,Computadoras,Ninguna ,Unidad de Informática,,,,,,
4/8/2025 12:32:54,Sugerencia,Uso de equipo de cómputo ,Uso de equipo,"Me gustó, las computadoras están bien, los periféricos pero el Mouse a veces falla de la ruedita ",Unidad de Informática,,,,,,
4/9/2025 8:22:04,Felicitación,Gestión del Diseño Curricular de Programas Académicos,Ud,Jdjd,Dirección,,,,,,
4/11/2025 15:01:14,Felicitación,Lab,Prestamo,Felicidades ,Unidad de Informática,,,,,,
4/14/2025 12:36:54,Felicitación,Gestión del Diseño Curricular de Programas Académicos,Todo bien,Gracias,Dirección,,,,,,
4/14/2025 13:12:19,Felicitación,Préstamo de Equipo Informático,Uso libre de PC,El servicio estuvo bien,Unidad de Informática,,,,,,
4/15/2025 14:55:30,Felicitación,Préstamo de Equipo Informático,Préstamo de equipo de computo (lab de uso libre),Ha mejorado el rendimiento de más computadoras,Unidad de Informática,,,,,,
4/15/2025 15:09:01,Felicitación,Gestión de la Movilidad Académica,Comparación de materias del mapa curricular con materias en la institución destino,"El trámite fue sencillo, me atendieron con una buena actitud y muy comprensivos y directos, totalmente satisfecho por la ayuda otorgada ya que me han ayudado a otorgar soluciones de acuerdo a mi situación.",Departamento de Innovación Educativa,,,,,,
4/16/2025 9:06:12,Felicitación,Préstamo de Equipo Informático,Préstamo de una computadora ,Todo bien,Unidad de Informática,,,,,,
,,,,,,,,,,,
,,,,,,,,,,,
,,,,,,,,,,,
,,,,,,,,,,,
,,,,,,,,,,,
,,,,,,,,,,,
,,,,,,,,,,,
,,,,,,,,,,,
,,,,,,,,,,,
,,,,,,,,,,,
,,,,,,,,,,,
,,,,,,,,,,,
,,,,,,,,,,,
,,,,,,,,,,,
,,,,,,,,,,,
,,,,,,,,,,,
,,,,,,,,,,,
,,,,,,,,,,,
,,,,,,,,,,,
,,,,,,,,,,,
,,,,,,,,,,,
,,,,,,,,,,,
,,,,,,,,,,,
,,,,,,,,,,,
,,,,,,,,,,,
,,,,,,,,,,,
,,,,,,,,,,,
,,,,,,,,,,,
,,,,,,,,,,,
,,,,,,,,,,,
,,,,,,,,,,,
,,,,,,,,,,,
,,,,,,,,,,,
,,,,,,,,,,,
,,,,,,,,,,,
,,,,,,,,,,,
,,,,,,,,,,,
,,,,,,,,,,,
,,,,,,,,,,,
,,,,,,,,,,,
,,,,,,,,,,,
,,,,,,,,,,,
,,,,,,,,,,,
,,,,,,,,,,,
,,,,,,,,,,,
,,,,,,,,,,,
,,,,,,,,,,,
,,,,,,,,,,,
,,,,,,,,,,,
,,,,,,,,,,,
,,,,,,,,,,,
,,,,,,,,,,,
,,,,,,,,,,,
,,,,,,,,,,,
,,,,,,,,,,,
,,,,,,,,,,,
,,,,,,,,,,,
,,,,,,,,,,,
,,,,,,,,,,,
,,,,,,,,,,,
,,,,,,,,,,,
,,,,,,,,,,,
,,,,,,,,,,,
,,,,,,,,,,,
,,,,,,,,,,,
,,,,,,,,,,,
,,,,,,,,,,,
,,,,,,,,,,,
,,,,,,,,,,,
,,,,,,,,,,,
,,,,,,,,,,,
,,,,,,,,,,,
,,,,,,,,,,,
,,,,,,,,,,,
,,,,,,,,,,,
,,,,,,,,,,,
,,,,,,,,,,,
,,,,,,,,,,,
,,,,,,,,,,,
,,,,,,,,,,,
,,,,,,,,,,,
,,,,,,,,,,,
,,,,,,,,,,,
,,,,,,,,,,,
,,,,,,,,,,,
,,,,,,,,,,,
,,,,,,,,,,,
,,,,,,,,,,,
,,,,,,,,,,,
,,,,,,,,,,,
,,,,,,,,,,,
,,,,,,,,,,,
,,,,,,,,,,,
,,,,,,,,,,,
,,,,,,,,,,,
,,,,,,,,,,,
,,,,,,,,,,,
,,,,,,,,,,,
,,,,,,,,,,,
,,,,,,,,,,,
4/30/2025 11:52:30,Felicitación,Gestión del Diseño Curricular de Programas Académicos,Ninguno ,Ninguno ,Dirección,Innovación educativa,,,,,
4/30/2025 13:55:07,Sugerencia,Préstamo de Equipo Informático,Computadora ,Todo bien,Unidad de Informática,Unidad de Informática,,,,,
4/30/2025 14:48:22,Felicitación,Préstamo de Equipo Informático,Acceso al laboratorio de uso libre,Muy buen servicio,Unidad de Informática,Unidad de Informática,,,,,
4/30/2025 14:56:33,Felicitación,Préstamo de Equipo Informático,Bien,Ninguna,Unidad de Informática,Unidad de Informática,,,,,
5/8/2025 10:12:11,Queja,Actividades Culturales y/o Deportivas,Horarios e información sobre actividades deportivas ,"La mayoría de los horarios y días sobre las actividades deportivas están mal 
",,Departamento de Servicios Estudiantiles,,,,,
5/9/2025 14:57:31,Felicitación,Laboratorio ,Préstamo lab,Buenas maquinas ,Unidad de Informática,Unidad de Informática,,,,,
5/9/2025 14:58:42,Felicitación,Tutorías,Ni hay,Felitqcion,,Departamento de evaluación y seguimiento académico,,,,,
5/20/2025 14:53:17,Felicitación,Préstamo de laboratorio,Préstamo de laboratorio ,Buenas maquinas y conexion a internet ,Unidad de Informática,Unidad de Informática,,,,,
5/21/2025 12:11:13,Felicitación,Planeación Didáctica,Computadora ,Buena coordinación ,Unidad de Informática,Unidad de Informática,,,,,
5/21/2025 12:11:26,Felicitación,Préstamo de computo ,Todo good,Felicidades ,Unidad de Informática,Unidad de Informática,,,,,
5/21/2025 12:12:07,Felicitación,Computadora ,Solicitación de computadora ,Felicitaciones ,Unidad de Informática,Unidad de Informática,,,,,
5/27/2025 13:34:31,Felicitación,Servicios Bibliotecarios,Laboratorio ,Equipo funcional ,Unidad Politécnica de Integración Social,Departamento de Servicios Estudiantiles,,,,,
6/5/2025 12:05:11,Felicitación,Servicios Bibliotecarios,Ninguno ,Ninguna ,Unidad de Informática,,,,,,
6/12/2025 13:33:51,Felicitación,Préstamo de Equipo Informático,Préstamo de equipo  de cómputo en buen estado ,Se me atendió de la mejor manera ,Unidad de Informática,,,,,,
6/13/2025 12:02:35,Felicitación,Préstamo de Equipo Informático,Conputadora,Buena atención,Unidad de Informática,,,,,,
6/13/2025 12:02:42,Felicitación,Préstamo de equipo informatico,Uso de equipo informatico,Todo bien,Departamento de Servicios Estudiantiles,,,,,,
6/13/2025 13:21:15,Felicitación,Computadoras ,Préstamo ,Todo bien,Unidad de Informática,,,,,,
6/20/2025 13:28:28,Sugerencia,Gestión del Diseño de Programas de Estudio,Computadora,Agregar más programas ,Departamento de Formación Básica,,,,,,
6/25/2025 13:00:20,Felicitación,Gestión de la Acreditación de Programas Académicos,Nada,Encuesta equivocada ,Departamento de Gestión Escolar,,,,,,
6/25/2025 13:01:16,Felicitación,Préstamo de Equipo Informático,Buenos ,"Felicitacion, atienden bien ",Unidad de Informática,,,,,,
6/25/2025 13:35:47,Sugerencia,Gestión del Diseño de Programas de Estudio,Nada ,Nada ,Subdirección Académica,,,,,,
6/25/2025 13:36:06,Felicitación,Control de Información Documentada,….,Ninguna ,Unidad de Informática,,,,,,
7/2/2025 11:09:52,Felicitación,Préstamo de Equipo Informático,Uso de equipo,Muy buena atención ,Unidad de Informática,,,,,,
7/2/2025 14:14:09,Felicitación,Prácticas Académicas de Laboratorios y Talleres,Uso de computo ,Todo bien ,Departamento de Extensión y Apoyos Educativos,,,,,,
7/3/2025 18:55:38,Felicitación,Dictamen de baja por cambio de carrera,Dictamen de baja por cambio de carrera y dictamen de cambio de carrera a escom,"QUIERO FELICITAR A YADHIRA DE GESTION ESCOLAT AUE EL DIA DE HOY ME ATENDIO EN LA VENTANILLA Y FUE MUY AMABLE Y ATENTA, ME SOLUCIONO MI SOLICITUD CON UNA EXCELENTE ACTITUD. ENHORABUENA, DESEO QUE LOS DEMAS ADMINISTRATIVOS ME ATENDIESEN COMO ELLA LO HIZO",Departamento de Gestión Escolar,,,,,,
7/11/2025 18:06:07,Felicitación,Gestión de la Movilidad Académica,"Seguimiento de llenado de nuestros documentos faltantes para realizar una correcta movilidad académica, en nuestro caso PROMAN. De modo que nos brindó su apoyo para saber qué materias son revalidables en este procedimiento. Además de darnos consejos y solución a dudas propuestas de este mismo procedimiento.","Mucha paciencia y atención increíble por su parte, quedó muy agradecido con el Maestro Efrén!",Departamento de Innovación Educativa,,,,,,
7/18/2025 13:20:02,Felicitación,Préstamo de Equipo Informático,Préstamo de computadora ,Muy buen trato ,Unidad de Informática,,,,,,
7/18/2025 13:20:33,Felicitación,Préstamo de Equipo Informático,Equipo de uso libre ,"Ninguna, muchas gracias ",Unidad de Informática,,,,,,
8/25/2025 11:31:38,Felicitación,Planeación Didáctica,Administración Financiera,Mosso es bastante atento,Dirección,,,,,,
8/25/2025 11:32:08,Felicitación,Reinscripción,Apoyo de reinscripcion ,Todo muy bien ,Departamento de Gestión Escolar,,,,,,
8/25/2025 11:32:20,Felicitación,Felicitación ,Foto con chango ,Excelente chango,Unidad de Tecnología Educativa y Campus Virtual,,,,,,
8/25/2025 11:32:23,Felicitación,Felicitaciones ,Tomarse una foto con un chango,Me gustaría felicitarlos por ese gran chango,Unidad de Tecnología Educativa y Campus Virtual,,,,,,
8/25/2025 11:33:05,Felicitación,Gestión de la Titulación Profesional,Procedimiento eficiente ,Felicitación por la facilitación del proceso y eficiencia,Subdirección de Servicios Educativos e Integración Social,,,,,,
8/25/2025 11:33:43,Felicitación,Reinscripción,Apoyo en la reinscripción de materias,Servicio rápido y atento,Subdirección Administrativa,,,,,,
8/25/2025 11:35:00,Sugerencia,Gestión del Diseño Curricular de Programas Académicos,Actividad,Se deben incorporar más materias a las clases virtuales,Unidad de Tecnología Educativa y Campus Virtual,,,,,,
8/25/2025 11:35:09,Felicitación,Reinscripción,Información sobre información de desfase ,Felicitacion buena información ,Departamento de Gestión Escolar,,,,,,
8/25/2025 11:35:17,Felicitación,Por un buen trabajo,Ayuda general,Muy buen trabajo,Dirección,,,,,,
8/25/2025 11:35:30,Sugerencia,Adjudicación Directa de Materiales y/o Servicios,-,Poner cortinas en otros salones,Subdirección Administrativa,,,,,,
8/25/2025 11:35:30,Sugerencia,Gestión del Diseño Curricular de Programas Académicos,Cambio de salones ,El cambio de salones que hicieron está horrible ,Dirección,,,,,,
8/25/2025 11:35:47,Felicitación,Gestión del Diseño de Programas de Estudio,Muy bien logrado el diseño de programas de estudio,Pienso que está muy bien el diseño de programas,Dirección,,,,,,
8/25/2025 11:36:14,Felicitación,Actividad curricular ,Clase,Buena actividad para integrar al grupo y los equipos.,Unidad de Tecnología Educativa y Campus Virtual,,,,,,
8/25/2025 11:36:18,Felicitación,Solo dar una felicitación por haberle dado oportunidad a los que deben calculo para pasar la materia :),Actividad integradora ,Simplemente una felicitación ,Unidad de Tecnología Educativa y Campus Virtual,,,,,,
8/25/2025 11:36:20,Sugerencia,Logística en distribución de salones,Distribución de salones,La distribución de salones de este semestre es confusa,Dirección,,,,,,
8/25/2025 11:36:20,Sugerencia,Actividades Culturales y/o Deportivas,Gimnasio al aire libre ,Que no sea al aire libre,Unidad de Tecnología Educativa y Campus Virtual,,,,,,
8/25/2025 11:36:24,Sugerencia,Gestión del Diseño Curricular de Programas Académicos,Actividad ,Buena opción la de juntar a las carreras pasa que se puede convivir con todos ,Unidad de Tecnología Educativa y Campus Virtual,,,,,,
8/25/2025 11:36:32,Queja,Gestión del Diseño Curricular de Programas Académicos,Cambio de salones ,"Muy mal cambio, innecesario andar buscando salones en otros edificios y moviéndose de pisos ",Dirección,,,,,,
8/25/2025 11:36:38,Sugerencia,Actividad,Clase,"Me gustó la actividad, pero no me gustó que los grupos de otras carreras estén combinados ",Unidad de Tecnología Educativa y Campus Virtual,,,,,,
8/25/2025 11:36:47,Sugerencia,Actividad curricular ,Clase ,Muy buena actividad integradora me gustó la dinámica ,Unidad de Tecnología Educativa y Campus Virtual,,,,,,
8/25/2025 11:36:48,Felicitación,Actividad,Actividad integradora,Estuvo padre la actividad ,Unidad de Tecnología Educativa y Campus Virtual,,,,,,
8/25/2025 11:36:51,Felicitación,Planeación Didáctica,Acticidad de la profesora,"Felicidades por una actividad movida, me obligo a hablar con alguien",Subdirección de Servicios Educativos e Integración Social,,,,,,
8/25/2025 11:36:55,Felicitación,Mantenimiento de la Infraestructura Física,Actividad,Las instalaciones están muy bien cuidadas,Unidad de Tecnología Educativa y Campus Virtual,,,,,,
8/25/2025 11:38:08,Felicitación,Servicio Social,inscripción como tutor en el taller de nivelación,"El proceso fue llevado a cabo de manera práctica y eficiente. La descripción del taller por parte de la profesora Elsa fue muy clara, en general ya hecho un excelente trabajo desde que se le asignó la jefatura de formación básica ",Departamento de Formación Básica,,,,,,
8/25/2025 11:38:12,Sugerencia,Mantenimiento de la Infraestructura Física,Mantenimiento de contactos de luz,Hay algunos contactos de luz en el edificio de IA que no sirven o que tienen falso contacto ,Unidad de Informática,,,,,,
8/25/2025 11:38:52,Felicitación,Inscripción,Inscripción,Muy buena la administración ,Unidad de Tecnología Educativa y Campus Virtual,,,,,,
8/25/2025 11:39:00,Sugerencia,Adjudicación Directa de Materiales y/o Servicios,Internet ,Mejorar los servicios de internet sobre todo en los salones de abajo ,Subdirección Administrativa,,,,,,
8/25/2025 11:39:34,Sugerencia,Mantenimiento de la Infraestructura Física,Los servicios de Internet son deficientes ,Queja ,Unidad de Tecnología Educativa y Campus Virtual,,,,,,
8/25/2025 11:41:27,Sugerencia,Reinscripción,Cupos,Pongan más cupos para los regulares,Departamento de Gestión Escolar,,,,,,
8/25/2025 11:41:58,Queja,Inscripción,Inscribirme ,Errores masivos para inscripción ,Departamento de Gestión Escolar,,,,,,
8/25/2025 11:42:06,Queja,Trámite de Documentos de Gestión Escolar,Los trámites de constancias son muy lentos,Queja,Unidad de Tecnología Educativa y Campus Virtual,,,,,,
8/25/2025 11:42:11,Sugerencia,Atención ,Atención Escolar ,Consultoria mejor guiada a los estudiantes para ser participe en las elecciones escolares ,Unidad de Tecnología Educativa y Campus Virtual,,,,,,
8/25/2025 11:43:50,Felicitación,Clase,Felicitación ,Una felicitación a la profesora por incentivar el uso de las herramientas que proporciona la institución. ,Unidad de Tecnología Educativa y Campus Virtual,,,,,,
8/25/2025 18:34:53,Sugerencia,Trámite de Documentos de Gestión Escolar,Cambio de carrera,Mi felicitacion es al profesor mosso que cuando tuve problemas con mi papeleo en el cambio de carrera me ayudo a completar este procedimiento.,Dirección,,,,,,
8/25/2025 21:36:25,Felicitación,Préstamo de Equipo Informático,Uso libre de computadoras ,Buena actitud y disponibilidad todas las veces que he ido.,Unidad de Informática,,,,,,
8/26/2025 10:05:46,Felicitación,Préstamo de Equipo Informático,Préstamo de equipo ,"Buena actitud, siempre tienen buena actitud ",Unidad de Informática,,,,,,
8/26/2025 11:14:37,Sugerencia,Reinscripción,reinscripción,Hay problemas de horario al momento de la reinscripción,Subdirección Administrativa,,,,,,
8/26/2025 11:20:08,Queja,Mantenimiento de la Infraestructura Física,WiFi que no funciona en palapas de IA y todo el edificio 4,"No funciona nada bien el WiFi de las palapas de IA, urge lo reparen ya que se ocupa para hacer tareas, trabajos y demás en clases libres ademas que cuando estamos en clases en el edificio 4 no hay internet, no es posible que siendo una de las mejores escuelas de cómputo no tengamos acceso a internet es esa zona que es para trabajar.",Unidad de Informática,,,,,,
8/26/2025 11:22:07,Felicitación,Control de Información Documentada,TT ,Buen servicio ,Departamento de Formación Integral e Institucional (La CATT es parte de este Depto.),,,,,,
8/26/2025 11:22:24,Sugerencia,Apoyo extraordinario,Tiempo del apoyo,Finalizó el semestre y no habían realizado la dispersión de fondos ,Departamento de Extensión y Apoyos Educativos,,,,,,
8/26/2025 11:23:02,Queja,Cafeterías ,Cafeterías de la escuela ,"Queja sobre las cafeterías que no ofrecen buenos productos ni alimentos, por lo que muchos optan por comida fuera más costosa, me gustaría que se pudiera armar como en otras escuelas un comedor comunitario? No sé si sea el nombre pero para que tengan buena comida y a precio accesible únicamente para estudiantes o que se de un descuento por estudiante ",Unidad de Tecnología Educativa y Campus Virtual,,,,,,
8/26/2025 11:23:05,Sugerencia,Reinscripción,Inscribir materias,"Siento que sería buena idea que dejaran inscribir materias del semestre en el que estás, es dexir aunque estes cursando materias dejaran 5to te dejaran meter de 8vo si ese es tu semestre (pero solo cuando sea una materia del semestre más bajo) ",Departamento de Gestión Escolar,,,,,,
8/26/2025 11:23:23,Sugerencia,Reinscripción,Pocos grupos para IA a partir de tercer semestre,"Muchos de mis compañeros luego se quedan sin grupo a pesar de que tienen un promedio arriba de 8, porque se acaban muy rapido los pocos lugares, más en la mañana ya que hay ciertos compañeros que no tienen la posibilidad de ir en la tarde por sus trabajos.

También siempre que nos reinscribimos aparecen varios profesor como ""sin asignar"" al momento de hacer nuestro horario.",Subdirección Académica,,,,,,
8/26/2025 11:23:27,Sugerencia,Apoyo extraordinario,Apoyo extraordinario ,Dispersión de apoyo extraordinario despues del terminal el ciclo escolar,Departamento de Extensión y Apoyos Educativos,,,,,,
8/26/2025 11:23:41,Queja,Ninguno,Internet,"Específicamente en el edificio de IA la red de internet es muy deficiente, muchas veces hemos tenido la necesidad de este y no nos es posible.",Unidad de Informática,,,,,,
8/26/2025 11:24:59,Sugerencia,Funcionamiento de la red de internet en la escuela ,Intermitencia en el servicio de internet ,"El servicio de internet es intermitente, no es constante y en ocasiones no funciona como debería ",Unidad de Informática,,,,,,
8/26/2025 11:24:59,Sugerencia,Trámite de Documentos de Gestión Escolar,Constancia de inscripción y constancia de estudios ,"Pedí constancia de estudios y de inscripción, y no me deja bajarlas del Saes ",Departamento de Gestión Escolar,,,,,,
8/26/2025 11:25:50,Sugerencia,Revisión de actividades,Acudí para la revisión de mi evaluación y se me dificultó encontrar al profesor,Facilitar la información sobre qué cubículos están asignados y a qué profesor pertenece cada cubículo,Departamento de Formación Básica,,,,,,
8/26/2025 11:54:09,Sugerencia,Reinscripción,Inscripción de unidades de aprendizaje ,Deberían de verificar el sistema de citas ya que tuve un problema con mi reinscripción y no perdí cupo en una materia ,Subdirección Académica,,,,,,
8/26/2025 13:29:15,Queja,Gestión de la Encuesta del Desempeño Docente,Evaluación Docente,"No parece haber un interés en las encuestas, se sabe de profesores que no enseñan bien o que de plano no enseñan y pese a las múltiples encuestas, la escuela sigue asignándoles muchos grupos. ",Departamento de Gestión Escolar,,,,,,
8/26/2025 16:20:00,Felicitación,Trámite de Documentos de Gestión Escolar,Pedir el FUA,"Fue muy rápido el proceso y fue amable la persona que me atendió, incluso me ayudó ya que no tenía tanto tiempo para entregar el FUA",Departamento de Gestión Escolar,,,,,,
8/26/2025 18:21:56,Queja,Trámite de Documentos de Gestión Escolar,Constancia de estudios para refrendo de beca,El que me atendió en gestión escolar se portó de manera grosera e incompetente tomando como prioridad su superioridad,Subdirección Académica,,,,,,
8/26/2025 21:06:11,Queja,Gestión del Diseño de Programas de Estudio,Actividad,deben de haber más grupos y opciones para ia y lcd,Unidad de Tecnología Educativa y Campus Virtual,,,,,,
8/27/2025 6:41:14,Sugerencia,Mantenimiento de la Infraestructura Física,Internet general,"Me gustaría sugerir que ya que el Poli tiene contratado un buen internet, pero le cuesta servirlo a la comunidad de manea eficiente. He observado que una de las maneras más prácticas es distribuirlo de manera más uniforme, es decir, tener más módems a los que conectarnos, esto evita la saturación y mejora la calidad en horas pico. Lo ideal sería uno por salón con WiFi 6, pero ya dependería del presupuesto. Realmente el problema es que no de puede usar cuando se necesita, cuando hay muchos conectados y no se puede gestionar tantas peticiones a la vez, e incluso la cobertura falla en algunos salones de IA del 1er piso. Siento que si no se puede cambiar el sistema a uno como la UNAM por lo menos se puede resolver así.",Unidad de Informática,,,,,,
8/27/2025 10:11:37,Felicitación,Gestión del Diseño Curricular de Programas Académicos,. ,.,Dirección,,,,,,
